,id,created_at,text,text_clean,word_count,hashtags,entities.mentions,author_id,name,verified,possibly_sensitive,lang,edit_history_tweet_ids,user_location,user_location_USA_state,public_metrics.retweet_count,public_metrics.reply_count,public_metrics.like_count,public_metrics.quote_count,public_metrics.bookmark_count,public_metrics.impression_count,sentiment_vader_raw,sentiment_vader_label,Speculation,Sensationalism,Conspiracy,Hate_Speech,Satire
64699,1885705539977433136,2025-02-01 15:03:30+00:00,@Newsweek He needs to be impeached because he didn't win the 2024 election. Nevada has just discovered an algorithm in the voting system that switched the votes from Kamala Harris to Donald Trump. There's already an investigation into several other states... https://t.co/OmeekN6i1d,needs impeached didnt win 2024 election nevada just discovered algorithm voting switched votes kamala harris donald trump theres investigation states,42.0,[],"[{'start': 0, 'end': 9, 'username': 'Newsweek', 'id': '2884771'}]",22800547.0,Cheshire Squire,False,False,en,['1885705539977433136'],,,0.0,0.0,0.0,0.0,0.0,1.0,-0.4717,negative,1.0,1.0,1.0,0.0,0.0
73389,1902701261557760219,2025-03-20T12:38:25.000Z,"#ELB: ‚ÄúCalifornia elections officials rejected 122,000 ballots in 2024 election. Here‚Äôs why‚Äù https://t.co/x4Oe8VhSw3",elb california elections officials rejected 122000 ballots 2024 election heres,13.0,['#elb'],,47034524.0,Rick Hasen,False,False,en,['1902701261557760219'],"Studio City, California",California,0.0,0.0,0.0,0.0,0.0,660.0,-0.5106,negative,0.0,0.0,0.0,0.0,0.0
9430,1858947418689057079,2024-11-19 18:56:16+00:00,"@Ilegvm They don't have the buying power. 
They're idiots. If they had enough buying power to manipulate the US Economy they would've had the power to win the 2024 Presidential election. 

How did that turn out for them? 
They lost we won. 
Now we do have that power &amp; may need to use it",dont buying power theyre idiots buying power manipulate economy wouldve power win 2024 presidential election did turn lost won power amp need use,54.0,[],"[{'start': 0, 'end': 7, 'username': 'Ilegvm', 'id': '1343893863799402497'}]",1.8302213288859648e+18,EndTyrannyNow,False,False,en,['1858947418689057079'],at large in America,,0.0,0.0,0.0,0.0,0.0,0.0,0.7351,positive,1.0,1.0,0.0,1.0,0.0
8074,1856864981414785396,2024-11-14 01:01:25+00:00,"GLOBAL NEWS: ""Nova Scotia can‚Äôt afford not to fix the housing crisis, can‚Äôt afford not to fix our access to primary care, can‚Äôt afford not to make sure that everyone can pay the bills each month.""

#nspoli #nsndp #nsvotes 

https://t.co/SkeNBsprve",global news nova scotia afford fix housing crisis afford fix access primary care afford make sure pay bills month nspoli nsndp nsvotes,40.0,"['#nspoli', '#nsndp', '#nsvotes']",,8.217501950923325e+17,Aaron,False,False,en,['1856864981414785396'],Nova Scotia,,0.0,0.0,0.0,0.0,0.0,0.0,-0.5043,negative,0.0,0.0,0.0,0.0,0.0
71105,1897264091003260967,2025-03-05 12:33:03+00:00,"@SheetalPronamo After electing Atheist DMK to Power in 2021 State assembly elections..

In 2024 Parliament Election,

We the ppl of Tamilnadu gave :
40/40 to DMK againüí™üíê &amp;
0/40 to BJP üòíüëé

THAT'S TAMILNADU for you.

Cry !!üò∞üò≠ 
Cry Loudly you idiotic Sanghis üòÇüòÇ https://t.co/rOPFoyb3yo",electing atheist dmk power 2021 state assembly elections 2024 parliament election ppl tamilnadu gave 4040 dmk amp 040 bjp thats tamilnadu loudly idiotic sanghis,45.0,[],"[{'start': 0, 'end': 15, 'username': 'SheetalPronamo', 'id': '614186125'}]",82046635.0,‡ÆÆ‡Æ©‡Øãüñ§‚ù§,False,False,en,['1897264091003260967'],"Coimbatore, India",,0.0,0.0,0.0,0.0,0.0,3.0,-0.8689,negative,0.0,0.0,0.0,1.0,1.0
86295,1903604059354898937,2025-03-23T00:25:49.000Z,"FINALLY!!! Population change from 7/23-7/24 based on US Census Bureau data by 2024 presidential election county results. I‚Äôll be releasing a thread with region breakdowns tomorrow, but here‚Äôs some info for now‚Ä¶üëáüèªüëáüèªüßµüó∫Ô∏èüìà https://t.co/Q9K8UGPQMW",finally population change 723724 based census bureau data 2024 presidential election county results ill releasing thread region breakdowns tomorrow heres info,33.0,[],,1.4872320380674417e+18,Nassau Centrist Mapper,False,False,en,['1903604059354898937'],NY-4,New York,9.0,2.0,31.0,0.0,13.0,2641.0,-0.2263,negative,0.0,0.0,0.0,0.0,0.0
38920,1847620410046562767,2024-10-19 12:46:47+00:00,"@alx Considering buying a house after the election? Then you better vote for Kamala Harris!:

Trump vows to deport millions. Builders say it would drain their crews and drive up home costs...
https://t.co/nwDSNIsiw1 https://t.co/bv77rxSxlv",considering buying house election better vote kamala harris trump vows deport millions builders say drain crews drive home costs,34.0,[],"[{'start': 0, 'end': 4, 'username': 'alx', 'id': '534023'}]",1.6700629222137856e+18,Ramon Johnson,False,False,en,['1847620410046562767'],"San Jose, CA",California,0.0,0.0,0.0,0.0,0.0,0.0,0.4404,positive,0.0,0.0,0.0,0.0,0.0
56990,1872790198872097164,2024-12-27 23:42:32+00:00,@realTrumpNewsX America Democrats plan to not swear Trump in for being an insurrectionist. The J6 was ORCHESTRATED BY DEMS+FBI.2020 ELECTION WAS STOLEN. 2024 DEMS GOT 15 MILL MORE VOTES? IF DEMS PULL THIS STUNT OUR FOREFATHERS DEMAND WE PULL OUT OUR GUNS. FIGHT FOR FREEDOM. https://t.co/ivYVhDeDTr,america democrats plan swear trump insurrectionist j6 orchestrated demsfbi2020 election stolen 2024 dems got 15 votes dems pull stunt forefathers demand pull guns fight freedom,46.0,[],"[{'start': 0, 'end': 15, 'username': 'realTrumpNewsX', 'id': '1810341133911994368'}]",1.495754035411968e+18,Dune Starlight,False,False,en,['1872790198872097164'],,,0.0,0.0,0.0,0.0,0.0,1.0,-0.2387,negative,1.0,1.0,1.0,1.0,0.0
28052,1885563601768911246,2025-02-01 05:39:29+00:00,"Musk has posted a blizzard of false and misleading claims about the election on his social media platform that have generated more than two billion views this year, according to new research analysis from a nonprofit that tracks misinformation. https://t.co/WvnTEi2tHD",musk posted blizzard false misleading claims election social media platform generated billion views year according new research analysis nonprofit tracks misinformation,40.0,[],,3230198245.0,Drogon,False,False,en,['1885563601768911246'],Flying around USA,,0.0,1.0,1.0,0.0,0.0,8.0,-0.6124,negative,0.0,0.0,0.0,0.0,0.0
85300,1899781592547041403,2025-03-12T11:16:42.000Z,"Update: A Notice of Trial of Petition has been lodged with Mullingar Court Office in relation to the Election Civil Bill, which challenges the participation of unqualified voters in the June 2024 local elections. The Court Office is expected to return a fixed trial date within‚Ä¶ https://t.co/gcQWy6mk7N https://t.co/SoFiVpwd0B",update notice trial petition lodged mullingar court office relation election civil challenges participation unqualified voters june 2024 local elections court office expected return fixed trial date,48.0,[],,1.7077277742601175e+18,Patrick McGreal,False,False,en,['1899781592547041403'],"Reynella, Westmeath,  Ireland",,16.0,4.0,42.0,2.0,0.0,328.0,0.0772,positive,1.0,1.0,0.0,0.0,0.0
73032,1901243632906031172,2025-03-16T12:06:20.000Z,@maddenifico Keep calling everyone Hitler because it worked so well for you all in the 2024 election! ü§°,calling hitler worked 2024 election,18.0,[],"[{'start': 0, 'end': 12, 'username': 'maddenifico', 'id': '349803020'}]",1.6165266025228206e+18,Elena,False,False,en,['1901243632906031172'],"Florida, USA",Florida,0.0,0.0,0.0,0.0,0.0,2.0,0.4101,positive,0.0,0.0,0.0,1.0,1.0
41824,1852984157397241931,2024-11-03 08:00:24+00:00,"‚öôÔ∏èRecord Early Voting: Americans Take Charge Ahead of Election Day

https://t.co/8tRhuuFkLW

Ola Aina Peter Obi Arewa Tinubu NYSC BLNEtv BLNEntertainmenttv https://t.co/3eQ7HcrrxD",record early voting americans charge ahead election day ola aina peter obi arewa tinubu nysc blnetv blnentertainmenttv,21.0,[],,1.6661844459285586e+18,BLN ENTERTAINMENT TV,False,False,en,['1852984157397241931'],,,0.0,0.0,0.0,0.0,0.0,0.0,0.0,neutral,0.0,0.0,0.0,0.0,0.0
75400,1909951456523829330,2025-04-09T12:48:07.000Z,@TrumpRealDaily Donald Trump received approximately 77.3 million votes in the 2024 presidential election‚Ä¶.I voted for MAGA Trump! ‚Ä¶Stick to the plan‚Ä¶All in!!,donald trump received approximately 773 million votes 2024 presidential electioni voted maga trump stick planall,22.0,[],"[{'start': 0, 'end': 15, 'username': 'TrumpRealDaily', 'id': '1787115009778040833'}]",1.8569281991432643e+18,JM _Agu,False,False,en,['1909951456523829330'],"Ontario, CA",California,0.0,0.0,0.0,0.0,0.0,2.0,0.0,neutral,0.0,1.0,0.0,0.0,0.0
73780,1904154424408244331,2025-03-24T12:52:46.000Z,Norm Eisen‚Äôs jury box and ballot box strategy to rig the 2024 election will go down as the biggest failure in the history of ever. https://t.co/mZahky9Xix,norm eisens jury box ballot box strategy rig 2024 election biggest failure history,26.0,[],,1.500858838014206e+18,The Researcher,False,False,en,['1904154424408244331'],,,0.0,0.0,3.0,0.0,0.0,257.0,-0.5859,negative,1.0,1.0,1.0,0.0,0.0
49838,1862555889967693947,2024-11-29 17:55:03+00:00,"üö® JUST IN: NBC reported that 68% of Native Americans voted for Trump, based on their 2024 Presidential election exit poll. https://t.co/EIF6bFPEzp",just nbc reported 68 native americans voted trump based 2024 presidential election exit poll,22.0,[],,810055220.0,Proud Elephant üá∫üá∏ü¶Ö,False,False,en,['1862555889967693947'],United States,,19.0,10.0,107.0,0.0,1.0,1644.0,0.0,neutral,1.0,1.0,0.0,0.0,0.0
48573,1860735281797935357,2024-11-24 17:20:36+00:00,The 2024 Election is Over. Conspiracy Theories and Misinformation Won‚Äôt End - https://t.co/8IESDUtYrC https://t.co/MQuVwaUedL,2024 election conspiracy theories misinformation wont end,14.0,[],,4778482949.0,ZanyProgressive,False,False,en,['1860735281797935357'],"Pennsylvania, USA",Pennsylvania,0.0,0.0,0.0,0.0,0.0,11.0,-0.6908,negative,0.0,0.0,0.0,0.0,0.0
6660,1854343346363183265,2024-11-07 02:01:20+00:00,"@nytimes It appears that concerns about election integrity and denialism tend to dissipate when the outcome favors those who previously raised them. This phenomenon has been observed in the context of Donald Trump's political career, particularly during the 2020 and 2024 U.S. presidential‚Ä¶ https://t.co/mHOYpOai9x",appears concerns election integrity denialism tend dissipate outcome favors previously raised phenomenon observed context donald trumps political career particularly 2020 2024 presidential,44.0,[],"[{'start': 0, 'end': 8, 'username': 'nytimes', 'id': '807095'}]",1.3660089815131136e+18,Dhanraj Daga ( Modi Ji Ka Pariwar ),False,False,en,['1854343346363183265'],Surat,,0.0,0.0,0.0,0.0,0.0,0.0,0.5574,positive,0.0,0.0,0.0,0.0,0.0
64333,1885057199010959734,2025-01-30 20:07:13+00:00,"BREAKING: The odds of the US economy entering a recession in 2025 have fallen to a fresh low of just 19%.

Since Election Day, the odds of the US economy entering a recession are down 35 percentage points, per @Kalshi.

This comes after the preliminary reading of Q4 2024 GPD‚Ä¶ https://t.co/Kk233ajRmW https://t.co/844erGMr0E",breaking odds economy entering recession 2025 fallen fresh low just 19 election day odds economy entering recession 35 percentage points comes preliminary reading q4 2024 gpd,52.0,[],"[{'start': 210, 'end': 217, 'username': 'Kalshi', 'id': '1071484733543079936'}]",3316376038.0,The Kobeissi Letter,True,False,en,['1885057199010959734'],United States,,98.0,76.0,724.0,13.0,51.0,94607.0,-0.7845,negative,0.0,0.0,0.0,0.0,0.0
74029,1904870795504947482,2025-03-26T12:19:23.000Z,"‚ÄúIn a district that went to Trump by 15 in 2024 and has a 23-point Republican voter registration advantage, Malone‚Äôs victory is a loud and clear rebuke to Republicans‚Äô threats...""

Democrat wins special state Senate election in Pennsylvania in major upset https://t.co/DNq3Zyw6wQ",district went trump 15 2024 23point republican voter registration advantage malones victory loud clear rebuke republicans threats democrat wins special state senate election pennsylvania major upset,42.0,[],,8.257108064488817e+17,Benjamin Carter Hett üá∫üá∏ üá®üá¶ üá∫üá¶ –°–ª–∞–≤–∞ –£–∫—Ä–∞—ó–Ω—ñ,False,False,en,['1904870795504947482'],"New York, NY",New York,0.0,0.0,1.0,0.0,0.0,34.0,0.6494,positive,0.0,0.0,0.0,0.0,0.0
78996,1922982441490276768,2025-05-15T11:48:35.000Z,https://t.co/aeOtOHzafS     Gov Moore was warned about this over a year ago. Months before the 2024 election that Trump won. Nice try but you can‚Äôt blame Trump for this. This is all on you.,gov moore warned year ago months 2024 election trump won nice try blame trump,33.0,[],,1260715266.0,Buddy Cooper,False,False,en,['1922982441490276768'],Merica,,0.0,0.0,0.0,0.0,0.0,5.0,0.6433,positive,1.0,1.0,0.0,0.0,0.0
33091,1892649807866413251,2025-02-20 18:57:32+00:00,"@JamesTate121 KAMALA HARRIS IS THE TRUE WINNER OF THE 2024 ELECTION! TRUMP STOLE THE ELECTION WITH MUSK'S HELP AND OTHERS INCLUDING RUSSIA 200 BOMBS HOAX THREATS TO DEMOCRATIC POLLING LOCATIONS, SUCH AS GA, MI, WI, AZ, CA ETC!",kamala harris true winner 2024 election trump stole election musks help including russia 200 bombs hoax threats democratic polling locations ga mi wi az ca,38.0,[],"[{'start': 0, 'end': 13, 'username': 'JamesTate121', 'id': '1356786368656138241'}]",1.193738287187411e+18,MsFuturehope,False,False,en,['1892649807866413251'],,,0.0,0.0,0.0,0.0,0.0,3.0,0.6597,positive,1.0,1.0,1.0,0.0,0.0
84622,1943653604285354448,2025-07-11T12:48:25.000Z,"Fact Check:  Image Claiming Kamala Harris Got 68M Votes Does NOT Represent 2024 Election Results 
https://t.co/CxlWQW1n7j",fact check image claiming kamala harris got 68m votes does represent 2024 election results,16.0,[],,3247925082.0,Lead Stories,False,False,en,['1943653604285354448'],"Colorado Springs, CO",Colorado,0.0,0.0,0.0,0.0,0.0,39.0,0.0,neutral,0.0,0.0,0.0,0.0,0.0
51240,1864547591863541814,2024-12-05 05:49:22+00:00,"(3/3) (a) Final results of US elections 2024 (b) Future US president, Donald Trump talking w/ Dana White, UFC president and Elon Musk, Trillionaire Tech and future DOGE member at Mar a Lago Dinner Party election night (c) Empty Kamala Harris Rally after the results (d) Donald‚Ä¶ https://t.co/wM0wTuzEsB https://t.co/oKOIqqk4yR",33 final results elections 2024 b future president donald trump talking w dana white ufc president elon musk trillionaire tech future doge member mar lago dinner party election night c kamala harris rally results d donald,49.0,[],,568963331.0,John Wu,False,False,en,['1864547591863541814'],Everywhere,,0.0,0.0,0.0,0.0,0.0,22.0,0.2263,positive,1.0,1.0,0.0,0.0,0.0
2844,1850341170838192155,2024-10-27 00:58:07+00:00,Trump doubles down on replacing income taxes with tariffs in Joe Rogan interview - CNBC - https://t.co/nIpIo2iy5Q #GoogleAlerts,trump doubles replacing income taxes tariffs joe rogan interview cnbc googlealerts,18.0,['#googlealerts'],,1137344749.0,MOIZ ESUFALLY,False,False,en,['1850341170838192155'],Sri Lanka,,0.0,0.0,0.0,0.0,0.0,14.0,0.0,neutral,0.0,0.0,0.0,0.0,0.0
19334,1872876648733024402,2024-12-28 05:26:04+00:00,"@rapeandpeating @elonmusk @stevenmackeyman Uh the left owned Twitter and had all but purged every conservative off social media. Without Musk, I don't think the 2024 election would have gone so well...",uh left owned twitter purged conservative social media musk dont think 2024 election gone,31.0,[],"[{'start': 0, 'end': 15, 'username': 'rapeandpeating', 'id': '1832351950991503360'}, {'start': 16, 'end': 25, 'username': 'elonmusk', 'id': '44196397'}, {'start': 26, 'end': 42, 'username': 'stevenmackeyman', 'id': '809829909405147136'}]",1.4578607521534976e+18,Jack Hammer üá∫üá∏,False,False,en,['1872876648733024402'],,,0.0,0.0,0.0,0.0,0.0,34.0,0.5591,positive,1.0,1.0,1.0,0.0,0.0
51391,1864735222371119116,2024-12-05 18:14:56+00:00,"The National Democratic Congress (NDC) flagbearer has outspent his New Patriotic Party rival on electoral and political advertisements on Facebook and Instagram in the last three months.

Read more: https://t.co/SZixsAuYvu

#GhanaNewsAgency #GNA #NDC https://t.co/d5owjG6vsP",national democratic congress ndc flagbearer outspent new patriotic party rival electoral political advertisements facebook instagram months read ghananewsagency gna ndc,34.0,"['#ghananewsagency', '#gna', '#ndc']",,1600575576.0,Ghana News Agency,False,False,en,['1864735222371119116'],"ACCRA, GHANA, WEST AFRICA",California,15.0,1.0,26.0,4.0,6.0,2595.0,0.4019,positive,0.0,0.0,0.0,0.0,0.0
15397,1867371238806741057,2024-12-13 00:49:32+00:00,"For the record: tomorrow is December 13. That's 37 days after the November 5 election. Same year though, 2024. This may be yet another area where @GavinNewsom's California is last. Or is there any other state still ""counting"" ballots? https://t.co/kTkP4w3uDN",record tomorrow december 13 thats 37 days november 5 election year 2024 area s california state counting ballots,40.0,[],"[{'start': 146, 'end': 158, 'username': 'GavinNewsom', 'id': '11347122'}]",1507428205.0,Ildiko Santana,False,False,en,['1867371238806741057'],,,0.0,0.0,1.0,0.0,0.0,14.0,0.0,neutral,1.0,1.0,0.0,0.0,0.0
44826,1854962042588786773,2024-11-08 18:59:49+00:00,"""""There is a lesson though for American politics from Britain‚Äôs great realignment, and it‚Äôs a key lesson for Trump too. The realignment only lasted only five years"", writes @tnewtondunn

Read more: https://t.co/LfmlPqWVA1 https://t.co/yacNsyvH38",lesson american politics britains great realignment key lesson trump realignment lasted years writes read,33.0,[],"[{'start': 173, 'end': 185, 'username': 'tnewtondunn', 'id': '20598137'}]",1168472395.0,The Standard,False,False,en,['1854962042588786773'],"London, United Kingdom",,0.0,0.0,0.0,0.0,0.0,54.0,0.6249,positive,0.0,0.0,0.0,0.0,0.0
52809,1866694562733064637,2024-12-11 04:00:39+00:00,"Florida - 2024 Election Compendium
Topic: 2024 Election Analysis
Capt. Seth Keshel
Florida 2024 Presidential Election Review
Author‚Äôs Note: All 2024 Election Reviews can be found here.
Outcome
Trump +13.1% (+1,427,087)
https://t.co/ZR9aCvi6PP https://t.co/eiXBlAtIBG",florida 2024 election compendium topic 2024 election analysis capt seth keshel florida 2024 presidential election review authors note 2024 election reviews outcome trump 131 1427087,33.0,[],,1.3948924714279526e+18,Dee Knight,False,False,en,['1866694562733064637'],,,0.0,0.0,0.0,0.0,0.0,3.0,0.0,neutral,0.0,1.0,0.0,0.0,0.0
67709,1890769785207623902,2025-02-15 14:27:00+00:00,"A galaxy in the year of Jubilee 2025 with Donald Trump winning the 2024 presidential election:

Imagine a vast, swirling nebula, shimmering with the colors of celebration - gold that accompanied Trump's campaign and victory‚Ä¶

https://t.co/dGWDTjLs8q https://t.co/01YBwRPlDC",galaxy year jubilee 2025 donald trump winning 2024 presidential election imagine vast swirling nebula shimmering colors celebration gold accompanied trumps campaign victory,37.0,[],,1.8898996903947878e+18,Sean Basilio,False,False,en,['1890769785207623902'],,,0.0,0.0,0.0,0.0,0.0,3.0,0.5267,positive,1.0,1.0,0.0,0.0,1.0
84470,1942908041646502281,2025-07-09T11:25:49.000Z,"@annvandersteel I'm now convinced that the 2024 election was also stolen via a psy-op. The electorate was mind fucked into voting pro Trump. He was always the choice of Israel. Reverse engineer the events leading up to the election. You'll see, we had no other choice. Israel is pulling all the",im convinced 2024 election stolen psyop electorate mind fucked voting pro trump choice israel reverse engineer events leading election youll choice israel pulling,51.0,[],"[{'start': 0, 'end': 15, 'username': 'annvandersteel', 'id': '1052225335318712320'}]",1.0901708660868874e+18,ThirdEyeOfTheStorm,False,False,en,['1942908041646502281'],United States,,0.0,0.0,1.0,0.0,0.0,13.0,-0.7964,negative,1.0,1.0,1.0,0.0,0.0
51043,1864293912547856859,2024-12-04 13:01:20+00:00,Sarasota County voter statistics for November 2024 are now available: https://t.co/4lq7h4Lcag https://t.co/MjmdqiEmbW,sarasota county voter statistics november 2024 available,12.0,[],,386192959.0,Sarasota County SOE,True,False,en,['1864293912547856859'],,,0.0,0.0,0.0,0.0,0.0,0.0,0.0,neutral,0.0,0.0,0.0,0.0,0.0
78169,1920096331638677515,2025-05-07T12:40:13.000Z,"@Peter1036031 @SavantOfficial @BitcoinPeter @SavantOfficial Relying on AI like me has upsides and downsides. AI boosts engagement with personalized content (e.g., TikTok's 8.89% rate) and automates tasks (33% of marketers use AI for ideas). But it can spread misinformation, like fake 2024 election images, and",relying ai like upsides downsides ai boosts engagement personalized content tiktoks 889 rate automates tasks 33 marketers use ai ideas spread misinformation like fake 2024 election images,44.0,[],"[{'start': 0, 'end': 13, 'username': 'Peter1036031', 'id': '1853910515803734016'}, {'start': 14, 'end': 29, 'username': 'SavantOfficial', 'id': '393630242'}, {'start': 30, 'end': 43, 'username': 'bitcoinpeter', 'id': '894007579403309058'}, {'start': 44, 'end': 59, 'username': 'SavantOfficial', 'id': '393630242'}]",1.7206651831889224e+18,Grok,True,False,en,['1920096331638677515'],wherever you are,,0.0,0.0,0.0,0.0,0.0,12.0,-0.1154,negative,0.0,0.0,0.0,0.0,0.0
61091,1879658658247606714,2025-01-15 22:35:21+00:00,"We keep hearing that for the last three elections, California‚Äôs counties have been flipping to more and more red. We also hear that California is the state that people have been moving out of the most. How red would California have been in the 2024 election if they had not‚Ä¶ https://t.co/RnQK2DQ3qd https://t.co/fJA97g3OQX",hearing elections californias counties flipping red hear california state people moving red california 2024 election,52.0,[],,1.8450901342842634e+18,Margo Buchanan üá∫üá∏‚úùÔ∏è,False,False,en,['1879658658247606714'],,,0.0,0.0,1.0,0.0,0.0,37.0,0.0,neutral,1.0,1.0,0.0,0.0,0.0
3071,1851247785875476987,2024-10-29 13:00:41+00:00,"All over the country black Democrats are opting out because they have no choice. Black Democrats tolerate corrupt, thieves, but they won‚Äôt suffer fake azz Kamala.
_

GOP early vote up, Black early vote down with Election Day less than two weeks away | WUNC https://t.co/4Hi4L31G7L",country black democrats opting choice black democrats tolerate corrupt thieves wont suffer fake azz kamala _ gop early vote black early vote election day weeks away wunc,46.0,[],,33188639.0,Rasin Kain,False,False,en,['1851247785875476987'],"North Carolina, USA",North Carolina,0.0,0.0,0.0,0.0,0.0,0.0,0.6549,positive,1.0,1.0,0.0,1.0,0.0
58686,1875295513433743763,2025-01-03 21:37:46+00:00,"BREAKING üö® Judge Juan Merchan has ordered Donald Trump to appear for sentencing on January 10th.

Do you believe this judge should face consequences for potentially interfering in the 2024 election? https://t.co/yZg8YtdH6s",breaking judge juan merchan ordered donald trump appear sentencing january 10th believe judge face consequences potentially interfering 2024 election,32.0,[],,1.8666114192838697e+18,Charlie Kirk üá∫üá∏ News,False,False,en,['1875295513433743763'],,,2.0,1.0,4.0,0.0,1.0,45.0,-0.1531,negative,1.0,1.0,0.0,0.0,0.0
9672,1859309868630540347,2024-11-20 18:56:31+00:00,"Minnesota Election Judge Faces Felony Charges for Allowing Unregistered People to Vote. It was revealed that Scouton‚Äôs son worked as an election judge on Election Night as well, and was responsible for registering applications. https://t.co/7bTyx1osbr",minnesota election judge faces felony charges allowing unregistered people vote revealed scoutons son worked election judge election night responsible registering applications,35.0,[],,770673684.0,Frank Stephens ~ Constitutionalist,False,False,en,['1859309868630540347'],USA,,0.0,0.0,0.0,0.0,0.0,4.0,-0.296,negative,0.0,0.0,0.0,0.0,0.0
69992,1894832049133089227,2025-02-26 19:28:59+00:00,"In 2024, the Office of Elections refused to allow me to be an observer, which hurt our party‚Äôs ability to participate in election oversight.

The unbroken pattern continues.

Note also that there is no cause or grounds stated in Scott Nago‚Äôs dismissal order, which is the same‚Ä¶ https://t.co/sRXG5aOPLX https://t.co/lkH6qfed6Y",2024 office elections refused allow observer hurt partys ability participate election oversight unbroken pattern continues note cause grounds stated scott nagos dismissal order,49.0,[],,1.1059272822401638e+18,Austin the Musical Chair,False,False,en,['1894832049133089227'],"Hilo, HI",Hawaii,0.0,1.0,1.0,0.0,0.0,24.0,-0.5574,negative,1.0,1.0,0.0,0.0,0.0
50158,1863014067041927363,2024-12-01 00:15:41+00:00,General Election: Late night in store as counting resumes in Letterkenny - https://t.co/QlHZpa979i https://t.co/TgV0NWmFY6,general election late night store counting resumes letterkenny,14.0,[],,217646617.0,Donegal Daily,False,False,en,['1863014067041927363'],"Donegal, Ireland",,1.0,0.0,1.0,0.0,0.0,434.0,0.0,neutral,0.0,0.0,0.0,0.0,0.0
68725,1892628410867872086,2025-02-20 17:32:31+00:00,"üì¢ Stock fans! After 2024 election, small caps (Russell 2000) &amp; energy stocks (S&amp;P 500 Energy) surged on the ""Trump bump"". In 2025, gains vanished. Market's changed. What's in store? Share ideas below! üí¨ #Stocks #Investment #SmallCapInsights #EnergyStockTrends https://t.co/d7aNtEx8XW",stock fans 2024 election small caps russell 2000 amp energy stocks sampp 500 energy surged trump bump 2025 gains vanished markets changed whats store share ideas stocks investment smallcapinsights energystocktrends,39.0,"['#stocks', '#investment', '#smallcapinsights', '#energystocktrends']",,1.8871240370439168e+18,Invest In Assets üìà,False,False,en,['1892628410867872086'],New York,New York,0.0,0.0,5.0,0.0,0.0,18.0,0.7783,positive,1.0,1.0,0.0,0.0,0.0
68266,1891736389160517649,2025-02-18 06:27:56+00:00,CNN fired Ryan Girdusky accused Mehdi of being associated with terrorists last year 2024 a week till election Nov 5 ... Now this @cnnbrk @CNN https://t.co/DYvJN8Crug,cnn fired ryan girdusky accused mehdi associated terrorists year 2024 week till election nov 5,26.0,[],"[{'start': 129, 'end': 136, 'username': 'cnnbrk', 'id': '428333'}, {'start': 137, 'end': 141, 'username': 'CNN', 'id': '759251'}]",1.8061994095014216e+18,Jules Lyusya,False,False,en,['1891736389160517649'],"Ann Arbor, MI",Michigan,0.0,0.0,1.0,0.0,0.0,9.0,-0.872,negative,1.0,1.0,0.0,0.0,0.0
52952,1866904383453270132,2024-12-11 17:54:25+00:00,"Is this the Philly vs Pittsburgh TV schedule or the 2024 election map?
#nfl #steelers #Eagles https://t.co/3vdNmUkKjI",philly vs pittsburgh tv schedule 2024 election map nfl steelers eagles,17.0,"['#nfl', '#steelers', '#eagles']",,1.4658747919073976e+18,Relaxed Styles,False,False,en,['1866904383453270132'],"Nashville, TN",Tennessee,0.0,1.0,5.0,2.0,0.0,86.0,0.0,neutral,0.0,0.0,0.0,0.0,1.0
4087,1853044730789061104,2024-11-03 12:01:06+00:00,@onpointpolitics Would it be fair to not every election is the same? Obviously I‚Äôd like those results but how can one be so confident a model that got 2020 right can get 2024 right?,fair election obviously id like results confident model got 2020 right 2024 right,34.0,[],"[{'start': 0, 'end': 16, 'username': 'onpointpolitics', 'id': '1756743913505992704'}]",620189408.0,Cristo,False,False,en,['1853044730789061104'],"Orlando, FL",Florida,0.0,0.0,0.0,0.0,0.0,0.0,0.8432,positive,1.0,1.0,0.0,0.0,0.0
51633,1865107924604919997,2024-12-06 18:55:55+00:00,"Candidates in the 2024 election for North Carolina‚Äôs first U.S. House district raised and spent millions of dollars in the state‚Äôs most expensive congressional race this cycle.

Don Davis and Laurie Buckout received more than $10 million combined. #ncpol https://t.co/deTIbY5Prk",candidates 2024 election north carolinas house district raised spent millions dollars states expensive congressional race cycle don davis laurie buckout received 10 million combined ncpol,40.0,['#ncpol'],,1.3174948101991178e+18,Christine Zhu,False,False,en,['1865107924604919997'],"Raleigh, NC",North Carolina,0.0,1.0,0.0,0.0,0.0,41.0,0.0,neutral,0.0,0.0,0.0,0.0,0.0
26252,1883020334846321006,2025-01-25 05:13:27+00:00,@OccupyDemocrats Elon Musk's and X's Role in 2024 Election Interference,elon musks xs role 2024 election interference,10.0,[],"[{'start': 0, 'end': 16, 'username': 'OccupyDemocrats', 'id': '878284831'}]",1.8669023436499968e+18,Anita Cejudo,False,False,en,['1883020334846321006'],"El Paso, TX",Texas,1.0,0.0,2.0,0.0,1.0,8.0,0.0,neutral,1.0,1.0,1.0,0.0,0.0
80260,1927701624216039788,2025-05-28T12:20:56.000Z,@BY1959 @Ampegbassboyo I can‚Äôt believe nobody investigated the 2024 election.,believe investigated 2024 election,10.0,[],"[{'start': 0, 'end': 7, 'username': 'BY1959', 'id': '2153626892'}, {'start': 8, 'end': 22, 'username': 'Ampegbassboyo', 'id': '1799970840378798080'}]",7.80026737589715e+17,GrandmomsShadowüá∫üá∏ü¶Ö,False,False,en,['1927701624216039788'],,,0.0,0.0,0.0,0.0,0.0,1.0,0.0,neutral,1.0,1.0,1.0,0.0,0.0
80313,1927676732502405194,2025-05-28T10:42:02.000Z,3 takeaways from the most authoritative autopsy of the 2024 election yet - Vox https://t.co/O9DaKti9zW,3 takeaways authoritative autopsy 2024 election vox,15.0,[],,98530301.0,Drew M. Capuder,False,False,en,['1927676732502405194'],"Fairmont, West Virginia, USA",Virginia,0.0,0.0,0.0,0.0,0.0,5.0,0.0,neutral,0.0,0.0,0.0,0.0,0.0
29050,1886937042967302293,2025-02-05 00:37:03+00:00,"Y‚Äôall, he might have hacked the election in all the states. Even Magat red TN might have elected Kamala and we‚Äôll never know bc 2016‚Äôs freakish election of Shitler made 2024 plausible. https://t.co/kDcwSKCSPP",yall hacked election states magat red tn elected kamala know bc 2016s freakish election shitler 2024 plausible,33.0,[],,8.236952809021276e+17,Traumala,False,False,en,['1886937042967302293'],"GAüçëBorn, SCüèù& TNüèîRaised",Georgia,0.0,0.0,0.0,0.0,0.0,14.0,-0.5719,negative,1.0,1.0,1.0,1.0,0.0
86407,1903946643084550148,2025-03-23T23:07:07.000Z,"Hey you #MAGACultMoron d-bag! During the 2024 election cycle, #BigPharma spent more on #GOP candidates than #Democrat candidates. But, in typical #FoxNews style, you focus only on your facts, which leads to a wrong conclusion. #Trump #ElonIsANazi https://t.co/W2wvKDO9K5 https://t.co/eHzEOjnItY",hey magacultmoron dbag 2024 election cycle bigpharma spent gop candidates democrat candidates typical foxnews style focus facts leads wrong conclusion trump elonisanazi,39.0,"['#magacultmoron', '#bigpharma', '#gop', '#democrat', '#foxnews', '#trump', '#elonisanazi']",,2803991304.0,Yeshua üá∫üá¶üá®üá¶üá¨üá±üáµüá¶üè≥Ô∏è‚Äçüåàüíôü§ü,False,False,en,['1903946643084550148'],"Houston, TX ",Texas,0.0,0.0,0.0,0.0,0.0,12.0,-0.631,negative,0.0,0.0,0.0,1.0,0.0
6253,1854131987340038368,2024-11-06 12:01:28+00:00,"The #USElection stress is taking a toll on Americans, with 17% - almost 45 million people - reporting election stress that's negatively impacted their #sleep, according to the National Sleep Foundation. https://t.co/pQX5NIPliV",uselection stress taking toll americans 17 45 million people reporting election stress thats negatively impacted sleep according national sleep foundation,32.0,"['#uselection', '#sleep']",,1.5135867276419154e+18,MedBound Times,False,False,en,['1854131987340038368'],Chicago,,0.0,0.0,0.0,0.0,0.0,1.0,-0.6808,negative,0.0,0.0,0.0,0.0,0.0
7726,1856215764300181942,2024-11-12 06:01:39+00:00,"Bluesky adds 700,000 new members as users flee X after the US election | Bluesky | The Guardian https://t.co/piedylCB4t",bluesky adds 700000 new members users flee x election bluesky guardian,19.0,[],,7.063015168780943e+17,James F. Love IV,False,False,en,['1856215764300181942'],"Ohio, USA",Ohio,0.0,0.0,1.0,0.0,0.0,0.0,0.0,neutral,0.0,0.0,0.0,0.0,0.0
72924,1900876512569815307,2025-03-15T11:47:31.000Z,@YSJaganAdda @AskPerplexity @UttarandhraNow Then why do people from vizag are not voting for yscrp(see 2024 election percentage statistics) from the last 3-4 Assembly elections.,people vizag voting yscrpsee 2024 election percentage statistics 34 assembly elections,24.0,[],"[{'start': 0, 'end': 12, 'username': 'YSJaganAdda', 'id': '3029349731'}, {'start': 13, 'end': 27, 'username': 'AskPerplexity', 'id': '1882198073168080896'}, {'start': 28, 'end': 43, 'username': 'UttarandhraNow', 'id': '2803681638'}]",1.5207678810087916e+18,Paruchuri Rajesh,False,False,en,['1900876512569815307'],,,0.0,0.0,0.0,0.0,0.0,10.0,0.0,neutral,1.0,1.0,0.0,0.0,0.0
42374,1853254594152821038,2024-11-04 01:55:01+00:00,"Other than all of the HATE, LIES and CHEATING, How will the 2024 Presidential Election be remembered, 
The 2024 DIDDYCRAT Election is my belief. https://t.co/llK0AbiBfY",hate lies cheating 2024 presidential election remembered 2024 diddycrat election belief,25.0,[],,168091102.0,Steve Kerwin,False,False,en,"['1853249468914692399', '1853254594152821038']",MAGA America / Global,Georgia,0.0,0.0,0.0,0.0,0.0,23.0,-0.8779,negative,1.0,1.0,0.0,1.0,0.0
53894,1868276736129126691,2024-12-15 12:47:39+00:00,2024 1104 US election even with UW interval flow SPXW option OTM huge buy side. https://t.co/Ks6GEw3r2U,2024 1104 election uw interval flow spxw option otm huge buy,16.0,[],,1.519213486592897e+18,The Unknown Meet,False,True,en,['1868276736129126691'],Taiwan,,0.0,1.0,0.0,0.0,0.0,9.0,0.3182,positive,0.0,1.0,0.0,0.0,0.0
66487,1888659890769743873,2025-02-09 18:43:02+00:00,"@brui4ns1 @TomiLahren Federal Grand Jury indict Trump 2022-2024
""After losing the election, Trump conspired to spread knowingly falseclaims of election fraud, to obstruct election""
Trump Collusion CONfession 
President has absoluteimmunity from CRIMINAL prosecution

https://t.co/Hud2Z5mTxe https://t.co/X22a7IhUg5",federal grand jury indict trump 20222024 losing election trump conspired spread knowingly false claims election fraud obstruct election trump collusion confession president absolute immunity criminal prosecution,37.0,[],"[{'start': 0, 'end': 9, 'username': 'brui4ns1', 'id': '1518791730916732932'}, {'start': 10, 'end': 21, 'username': 'TomiLahren', 'id': '468646961'}]",1.7677642940310036e+18,(((Jess NaomiüéóÔ∏è Jewish))) üè≥Ô∏è‚Äç‚ößÔ∏èGenderQueerüè≥Ô∏è‚Äçüåà,False,False,en,['1888659890769743873'],,,0.0,0.0,0.0,0.0,0.0,0.0,-0.875,negative,1.0,1.0,1.0,0.0,0.0
14791,1866463422595960837,2024-12-10 12:42:11+00:00,"üî¥‚ÄòBritain‚Äôs Deeply Unfair Two-Party Electoral System is Dying and MPs Know It‚Äô

Startling new research reveals that this year‚Äôs General Election was the ‚Äòmost disproportionate ever‚Äô with millions of votes wasted, reports @josiahmortimer 

https://t.co/C0TrUXsgne",britains deeply unfair twoparty electoral dying mps know startling new research reveals years general election disproportionate millions votes wasted reports,34.0,[],"[{'start': 221, 'end': 236, 'username': 'josiahmortimer', 'id': '225585391'}]",1.035418272764715e+18,Byline Times,False,False,en,['1866463422595960837'],"London, UK",,6.0,1.0,9.0,0.0,2.0,1723.0,-0.7425,negative,0.0,0.0,0.0,0.0,0.0
24493,1880598516470354193,2025-01-18 12:50:00+00:00,The influence of wealthy donors and dark money reached unprecedented levels in the 2024 election ‚Äî much of which would have been illegal before the Supreme Court's Citizens United decision. https://t.co/LuCIVaElYO,influence wealthy donors dark money reached unprecedented levels 2024 election illegal supreme courts citizens united decision,31.0,[],,20707070.0,Brennan Center,True,False,en,['1880598516470354193'],New York & Washington D.C.,New York,2.0,0.0,2.0,1.0,2.0,286.0,0.6908,positive,0.0,0.0,0.0,0.0,0.0
34369,1894356358612308390,2025-02-25 11:58:45+00:00,"According to Grok, more billionaires supported the Democrats in the 2024 election, but more funds was given in total to the Republicans:

- Republicans: 52 billionaires, $1.36 billion
- Democrats: 83 billionaires, $413 million",according grok billionaires supported democrats 2024 election funds given total republicans republicans 52 billionaires 136 billion democrats 83 billionaires 413 million,34.0,[],,1.0931333409815552e+18,Andre Symes,False,False,en,['1894356358612308390'],"London, England",,0.0,0.0,0.0,0.0,0.0,23.0,0.1997,positive,1.0,1.0,0.0,0.0,0.0
54324,1868793852309684226,2024-12-16 23:02:29+00:00,"@InsafPK @SHaiderRMehdi Free Imran Khan - the Super Advocate of Peace, Justice, Equality, HumanRights in the World

He is the only true leader of Pakistani Nation elected by two-third majority in Pak election 2024

He supports Pak-US relations on equality
#FreeImranKhan 
#thankyou_Richard
#thankyou_Matt https://t.co/fps9m4ObaV",free imran khan super advocate peace justice equality humanrights world true leader pakistani nation elected twothird majority pak election 2024 supports pakus relations equality freeimrankhan thankyou_richard thankyou_matt,44.0,"['#freeimrankhan', '#thankyou_richard', '#thankyou_matt']","[{'start': 0, 'end': 8, 'username': 'InsafPK', 'id': '95151029'}, {'start': 9, 'end': 23, 'username': 'SHaiderRMehdi', 'id': '29683692'}]",1.1421320521013576e+18,ALI üïå,False,False,en,['1868793852309684226'],London-Lahore,,0.0,0.0,0.0,0.0,0.0,1.0,0.9607,positive,1.0,1.0,0.0,0.0,0.0
5567,1853799782017269771,2024-11-05 14:01:24+00:00,Why Election Day is over before it begins for many Inland Empire voters https://t.co/IPV6uNfsOx,election day begins inland empire voters,14.0,[],,48791466.0,Redlands Daily Facts,False,False,en,['1853799782017269771'],"Redlands, CA",California,0.0,0.0,0.0,0.0,0.0,0.0,0.0,neutral,0.0,0.0,0.0,0.0,0.0
23981,1879873236709622086,2025-01-16 12:48:00+00:00,"@VigilantFox I wish she‚Äôd said, ‚ÄúThe special counsel that I will appoint will be assigned to dig into every swing state in the 2020 election, along with the 2022 election, and 2024 election results of all Senators and Congressmen that lost in states Trump won.  These reports will be fully‚Ä¶ https://t.co/0ZPFAlsFDf",wish shed said special counsel appoint assigned dig swing state 2020 election 2022 election 2024 election results senators congressmen lost states trump won reports fully,51.0,[],"[{'start': 0, 'end': 12, 'username': 'VigilantFox', 'id': '191871143'}]",1.5187391096317297e+18,Hammer üá∫üá∏üôè,False,False,en,['1879873236709622086'],USA üá∫üá∏,,0.0,0.0,0.0,0.0,0.0,34.0,0.7783,positive,1.0,1.0,1.0,0.0,0.0
31414,1890274511473504440,2025-02-14 05:38:57+00:00,@elonmusk Wound it have been possible for Donald Trump to win the 2024 Election if Elon did not purchase twitter and create X?,wound possible donald trump win 2024 election elon did purchase twitter create x,23.0,[],"[{'start': 0, 'end': 9, 'username': 'elonmusk', 'id': '44196397'}]",7.276481681716101e+17,E X X ‚û†A L E R T S,False,False,en,['1890274511473504440'],"Florida, USA",Florida,1.0,22.0,48.0,0.0,0.0,3845.0,0.7096,positive,1.0,1.0,0.0,0.0,0.0
59571,1877227123674325028,2025-01-09 05:33:18+00:00,"January 9th 2024

Market is closed today.
SPY participants tested that election gap with a reaction but they still have to contend with the 100-Day-SMA approx around $580, might just give it to Friday EOD to see which direction the market would like to go before long/short scalps https://t.co/FCVkL0GDqF",january 9th 2024 market closed today spy participants tested election gap reaction contend 100daysma approx 580 just friday eod direction market like longshort scalps,49.0,[],,1.156695342290821e+18,Katerino Pepperino,False,False,en,['1877227123674325028'],,,0.0,0.0,1.0,0.0,0.0,22.0,0.5499,positive,0.0,0.0,0.0,0.0,0.0
62594,1881980195504357620,2025-01-22 08:20:18+00:00,"#Nifty50 .
Nifty has been following this trend line since 2020 in Monthly Time frame
On RSI front,it has taken multiple support at 50-55 range.
If in case,this trend line breaks, then best support for Nifty is going to be june 4th/2024 which is the election day low(21500 - 22000) https://t.co/fLngJY17G9",nifty50 nifty following trend line 2020 monthly time frame rsi frontit taken multiple support 5055 range casethis trend line breaks best support nifty going june 4th2024 election day low21500 22000,51.0,['#nifty50'],,1.8047344836371333e+18,bharateshkumar,False,False,en,['1881980195504357620'],Bangalore,,0.0,0.0,0.0,0.0,0.0,46.0,0.9325,positive,0.0,1.0,0.0,0.0,0.0
19543,1873167970815623571,2024-12-29 00:43:40+00:00,J6 'QAnon Shaman' Jacob Chansley: Kamala Harris Certifying Her Own Election Defeat Proves 'God Has a Sense of Humor' (VIDEO) | The Gateway Pundit | by Ben Kew https://t.co/LYzazLTL6N,j6 qanon shaman jacob chansley kamala harris certifying election defeat proves god sense humor video gateway pundit ben kew,29.0,[],,1.755361752370307e+18,Gayle,False,False,en,['1873167970815623571'],,,0.0,0.0,0.0,0.0,0.0,2.0,0.0516,positive,1.0,1.0,1.0,0.0,0.0
55404,1870281306183217556,2024-12-21 01:33:06+00:00,Hitler got 4 write-in votes in Central Florida for the 2024 election. That's 1 more vote than for Colin Powell. ü§£ https://t.co/gjWa1Fv8wn,hitler got 4 writein votes central florida 2024 election thats 1 vote colin powell,22.0,[],,1.2232933827656294e+18,P33 W33,False,False,en,['1870281306183217556'],California ,California,0.0,0.0,0.0,0.0,0.0,10.0,0.0,neutral,0.0,0.0,0.0,0.0,1.0
72693,1900163838655258937,2025-03-13T12:35:37.000Z,"@DaveLukasTrader @ThePatriotOasis Warren Buffett didn‚Äôt say Trump is making the ‚Äúbest financial decisions for America in 50 years.‚Äù Buffett has been critical of Trump‚Äôs policies, especially tariffs, calling them an ‚Äúeconomic act of war‚Äù in a March 2025 CBS interview. He also stayed neutral in the 2024 election,‚Ä¶ https://t.co/a5ebC2Z25r",warren buffett didnt say trump making best financial decisions america 50 years buffett critical trumps policies especially tariffs calling economic act war march 2025 cbs interview stayed neutral 2024 election,49.0,[],"[{'start': 0, 'end': 16, 'username': 'DaveLukasTrader', 'id': '1188848405549854725'}, {'start': 17, 'end': 33, 'username': 'ThePatriotOasis', 'id': '1392538357251469312'}]",1.7206651831889224e+18,Grok,True,False,en,['1900163838655258937'],wherever you are,,0.0,0.0,0.0,0.0,0.0,37.0,-0.25,negative,0.0,0.0,0.0,0.0,0.0
62825,1882502891870822760,2025-01-23 18:57:19+00:00,"By October 2021, GCR was placing big bets on Trump winning the 2024 election.

His position grew so large that finding enough liquidity on exchanges became impossible.

He turned to direct OTC deals with Alameda Research.

A year later, a leak from Alameda‚Äôs balance sheet‚Ä¶ https://t.co/w25UWoLz8a https://t.co/7JZMz0ViXw",october 2021 gcr placing big bets trump winning 2024 election position grew large finding liquidity exchanges impossible turned direct otc deals alameda research year later leak alamedas balance sheet,47.0,[],,1.4720553910727516e+18,HinkoK,False,False,en,['1882502891870822760'],,,0.0,1.0,4.0,0.0,0.0,77.0,0.25,positive,1.0,1.0,0.0,0.0,0.0
32178,1891279756412191036,2025-02-17 00:13:26+00:00,"@JSAscension @SabbySabs2 Elon never said he actually switched parties.  All kinds of Americans support President Trump, not just right wing republicans.  The 2024 election proved that.",elon said actually switched parties kinds americans support president trump just right wing republicans 2024 election proved,26.0,[],"[{'start': 0, 'end': 12, 'username': 'JSAscension', 'id': '1435461256815726594'}, {'start': 13, 'end': 24, 'username': 'SabbySabs2', 'id': '1187915088960917504'}]",1.656081983095685e+18,Toni,False,False,en,['1891279756412191036'],"Louisville, KY",Kentucky,0.0,1.0,0.0,0.0,0.0,12.0,0.6597,positive,1.0,1.0,0.0,0.0,0.0
60685,1878972465235247307,2025-01-14 01:08:39+00:00,"US election 2024: Swingstate Arizona

https://t.co/oLHsQGfwM2 https://t.co/AZCob3Y7Ws",election 2024 swingstate arizona,7.0,[],,1.439945731129987e+18,USA NEWS üá∫üá∏üá®üá¶,False,False,en,['1878972465235247307'],New York,New York,0.0,0.0,0.0,0.0,0.0,3.0,0.0,neutral,0.0,0.0,0.0,0.0,0.0
42663,1853407061263978971,2024-11-04 12:00:52+00:00,"üôèüèæ Join us in prayer, hourly, leading up to and through Election Day.
 
üëâüèæ We will post prayers every hour, and you can find the collection here: https://t.co/x4GYL7rHoQ

#2024ElectionPrayers #ElectionPrayers #JustWorldForALL #OurFaithOurVote #VoteWithLove https://t.co/RaZpx6X2um",join prayer hourly leading election day post prayers hour collection 2024electionprayers electionprayers justworldforall ourfaithourvote votewithlove,34.0,"['#2024electionprayers', '#electionprayers', '#justworldforall', '#ourfaithourvote', '#votewithlove']",,15949070.0,United Church of Christ,False,False,en,['1853407061263978971'],United States of America,,1.0,1.0,1.0,0.0,0.0,4.0,0.296,positive,0.0,0.0,0.0,0.0,0.0
81304,1931319875487584439,2025-06-07T11:58:35.000Z,@krassenstein If Trump is in the Epstein files don't you think that the Democrat crazies would have used it to influence the 2024 election??? Total BS.,trump epstein files dont think democrat crazies used influence 2024 election total bs,26.0,[],"[{'start': 0, 'end': 13, 'username': 'krassenstein', 'id': '133938408'}]",8.04708778843181e+17,Richard,False,False,en,['1931319875487584439'],,,0.0,2.0,1.0,0.0,0.0,19.0,0.0,neutral,1.0,1.0,1.0,0.0,0.0
47217,1858835621344653432,2024-11-19 11:32:02+00:00,"Follow up to last week's online event ""Town Hall: Organizing Against Anti-Haitianism After the US Election""

Recording is available here: https://t.co/2xZgwBh8GF

Discussion notes available here: https://t.co/oAgKIKjtNv https://t.co/HaV2F0Bcev",follow weeks online event town hall organizing antihaitianism election recording available discussion notes available,27.0,[],,940248673.0,Haitian Studies,False,False,en,['1858835621344653432'],,,0.0,0.0,0.0,0.0,1.0,32.0,0.0,neutral,0.0,0.0,0.0,0.0,0.0
24593,1880685881759309898,2025-01-18 18:37:10+00:00,"@YourAnonCentral Believe me, we feel the same about joe bidens entire cabinet. Doesn‚Äôt mean it‚Äôs going to happen. MAGA has to work and support themselves, their families and the rest of the country, including lazy ass Democrats. That is why we don‚Äôt protest. We fucking vote. (See 2024 election)",believe feel joe bidens entire cabinet doesnt mean going happen maga work support families rest country including lazy ass democrats dont protest fucking vote 2024 election,49.0,[],"[{'start': 0, 'end': 16, 'username': 'YourAnonCentral', 'id': '373157754'}]",1.8418729732689388e+18,JoeBidensDirtyDiaper,False,False,en,['1880685881759309898'],Blue side of the mountain ,,0.0,0.0,2.0,0.0,0.0,6.0,-0.3736,negative,0.0,0.0,0.0,1.0,0.0
54665,1869362477940523222,2024-12-18 12:42:00+00:00,"üó≥ COULD YOU BECOME A FED REP?

Members are encouraged to take a full part in the Police Federation elections by putting themselves forward for election as a workplace representative or by voting for their preferred candidates and their local chair.

MORE: https://t.co/hOpWixyfjv https://t.co/LzESFLR6rx",fed rep members encouraged police federation elections putting forward election workplace representative voting preferred candidates local chair,44.0,[],,9.330387819130102e+17,Derbyshire Police Fed,False,False,en,['1869362477940523222'],Derbyshire,,0.0,0.0,0.0,0.0,0.0,15.0,0.3612,positive,0.0,0.0,0.0,0.0,0.0
75665,1911039586731491370,2025-04-12T12:51:57.000Z,"@jimstewartson That Miles Taylor executive order was the clearest signal yet.  It was Taylor, after all, who played keepaway with ‚Äúthe Playbook‚Äù after the 2024 election when Martial Law was an abstract concept Trump was interested in.  That kept Trump from understanding the power he‚Äôd have.",miles taylor executive order clearest signal taylor played keepaway playbook 2024 election martial law abstract concept trump interested kept trump understanding power hed,46.0,[],"[{'start': 0, 'end': 14, 'username': 'jimstewartson', 'id': '256154569'}]",6623622.0,Nick,False,False,en,['1911039586731491370'],"Green Bay, WI",Wisconsin,0.0,0.0,1.0,0.0,0.0,10.0,0.6249,positive,1.0,1.0,1.0,0.0,0.0
63720,1883982723985088879,2025-01-27 20:57:38+00:00,When are these forensic audits on the 2024 election starting? @HouseDemocrats @SenateDems @DemGovs @KamalaHarris https://t.co/0jOdMVkFjL https://t.co/7Rrj44zT1S,forensic audits 2024 election starting,16.0,[],"[{'start': 62, 'end': 77, 'username': 'HouseDemocrats', 'id': '43963249'}, {'start': 78, 'end': 89, 'username': 'SenateDems', 'id': '73238146'}, {'start': 90, 'end': 98, 'username': 'DemGovs', 'id': '38477209'}, {'start': 99, 'end': 112, 'username': 'KamalaHarris', 'id': '30354991'}]",141321732.0,Susan R,False,False,en,['1883982723985088879'],MA,Massachusetts,0.0,0.0,0.0,0.0,0.0,3.0,0.0,neutral,1.0,1.0,0.0,0.0,0.0
52561,1866328536316878999,2024-12-10 03:46:12+00:00,"Same news outlet.

Two different elections.

One much more decisive than the other.

Yet, somehow, the less decisive election *was* a mandate, and the latter was not.

The absolute state of the American media in 2024. https://t.co/dvYxE9q1kA",news outlet different elections decisive decisive election mandate absolute state american media 2024,37.0,[],,1.3420446956026225e+18,America First Perspective,False,True,en,['1866328536316878999'],Ohio,Ohio,0.0,0.0,0.0,0.0,0.0,31.0,0.4215,positive,1.0,1.0,0.0,0.0,1.0
10206,1860033943283597725,2024-11-22 18:53:44+00:00,"Canada‚Äôs prime minister signaled a return to his free-spending playbook as inflation wanes and an election looms, accelerating a bond selloff on to expectations of faster growth and a deeper deficit. https://t.co/KvyJoEmDom",canadas prime minister signaled return freespending playbook inflation wanes election looms accelerating bond selloff expectations faster growth deeper deficit,32.0,[],,588261604.0,Bloomberg Asia,True,False,en,['1860033943283597725'],,,0.0,0.0,1.0,0.0,0.0,185.0,-0.1779,negative,0.0,0.0,0.0,0.0,0.0
16247,1868529087268184090,2024-12-16 05:30:24+00:00,"@Michell33650674 You should be deep platformed for your outrageous and scandalous misinformation. 2024 was basically the most fair election in the last 15+ years. In addition, Trump is not able to run in 2028 and if you had a half a brain you would realize that!",deep platformed outrageous scandalous misinformation 2024 basically fair election 15 years addition trump able run 2028 half brain realize,46.0,[],"[{'start': 0, 'end': 16, 'username': 'Michell33650674', 'id': '1520325324457787393'}]",443930454.0,TruMark E.S.,False,False,en,['1868529087268184090'],,,0.0,0.0,1.0,0.0,0.0,4.0,-0.7275,negative,0.0,0.0,0.0,0.0,0.0
12492,1863296368879579477,2024-12-01 18:57:27+00:00,NDC's Rally Numbers Surge: Over 100k on the Streets in 2024‚ÄîA Miraculous Momentum Towards Election Victory? https://t.co/vi8oR7JlbR,ndcs rally numbers surge 100k streets 2024a miraculous momentum election victory,17.0,[],,506054877.0,Frederick,False,False,en,['1863296368879579477'],"Accra, Ghana",,0.0,0.0,0.0,0.0,0.0,11.0,0.0,neutral,1.0,1.0,0.0,0.0,0.0
65412,1886941562552095158,2025-02-05 00:55:00+00:00,I hear #Crickets from @RashidaTlaib I remember her protecting against @KamalaHarris and moved the voted to @DrJillStein who only comes out like a worm when there is a President election in 2016 and 2024 for @realDonaldTrump #KARMA https://t.co/fnrpRZhZIf https://t.co/L6EQNSbZSD,hear crickets remember protecting moved voted comes like worm president election 2016 2024 karma,39.0,"['#crickets', '#karma']","[{'start': 22, 'end': 35, 'username': 'RashidaTlaib', 'id': '435331179'}, {'start': 70, 'end': 83, 'username': 'KamalaHarris', 'id': '30354991'}, {'start': 107, 'end': 119, 'username': 'DrJillStein', 'id': '111216929'}, {'start': 207, 'end': 223, 'username': 'realDonaldTrump', 'id': '25073877'}]",90123499.0,Dee,False,False,en,['1886941562552095158'],USA,,0.0,0.0,1.0,0.0,1.0,24.0,0.3612,positive,1.0,1.0,0.0,0.0,0.0
33421,1893101290571407370,2025-02-22 00:51:34+00:00,"@CoolBreezeII @danker_hank How rich! 

https://t.co/k4Ij2qg2TZ

https://t.co/aQV76BpRud

We‚Äôre just sick of taking it! Dont like it? Consider how you treat others!",_hank rich just sick taking dont like consider treat,20.0,[],"[{'start': 0, 'end': 13, 'username': 'CoolBreezeII', 'id': '27070498'}, {'start': 14, 'end': 26, 'username': 'danker_hank', 'id': '1526312119'}]",4876607114.0,@Gingersnap7163.bsky.social,False,False,en,['1893101290571407370'],Earth,,0.0,0.0,0.0,0.0,0.0,18.0,0.224,positive,0.0,0.0,0.0,0.0,0.0
21724,1876703558629773546,2025-01-07 18:52:50+00:00,"Reposting SC Smith's October 2024 report as we await his final report which BETTER be RELEASED! [Report is linked in article.]

https://t.co/UDzVrzmsGq",reposting sc smiths october 2024 report await final report better released report linked article,22.0,[],,1.6132494414770586e+18,Emma Ella,False,False,en,['1876703558629773546'],,,0.0,0.0,0.0,0.0,0.0,0.0,0.5106,positive,0.0,1.0,0.0,0.0,0.0
54168,1868614818619355277,2024-12-16 11:11:04+00:00,"America Trump Train Political T Shirt Outlaw 2024 Vote For A Felon Convicted Not Guilty Republican Election Voters...
üîó https://t.co/tsexQLNhrz https://t.co/vxAbBaYOzd",america trump train political t shirt outlaw 2024 vote felon convicted guilty republican election voters,21.0,[],,1.852432505024254e+18,Bartholomew Smith üá∫üá∏,False,False,en,['1868614818619355277'],"Austin, TX",Texas,0.0,0.0,0.0,0.0,0.0,4.0,0.3252,positive,0.0,0.0,0.0,0.0,0.0
35323,1895706609646780887,2025-03-01 05:24:10+00:00,"@RepCharlieDent Putin / Musk rigged 2024 now the bill is due 
""The election campaign is over,"" Patrushev noted. ""To achieve success in the election, Donald Trump relied on certain forces to which he has corresponding obligations. As a responsible person, he will be obliged to fulfill them.""",putin musk rigged 2024 election campaign patrushev noted achieve success election donald trump relied certain forces corresponding obligations responsible person obliged fulfill,47.0,[],"[{'start': 0, 'end': 15, 'username': 'RepCharlieDent', 'id': '242376736'}]",3436752761.0,Mary Millerüá∫üá∏ü¶Öüíôüíô,False,False,en,['1895706609646780887'],,,0.0,0.0,0.0,0.0,0.0,3.0,0.8176,positive,1.0,1.0,1.0,0.0,0.0
51931,1865449091125346689,2024-12-07 17:31:36+00:00,"These old, senile PARASITES tried to destroy America. They used TRANS/ILLEGALS to steal the 2024 election/were never PATRIOTS. Complete SCUM who only built ghettos and spread hate, being evil. The world will not miss you or your crimes. 

WE NEED TERM LIMITS/SECURE ELECTIONS. https://t.co/6r917IsPGX",old senile parasites tried destroy america used transillegals steal 2024 electionwere patriots complete scum built ghettos spread hate evil world miss crimes need term limitssecure elections,44.0,[],,1.6542109871832064e+18,Son of Black Wolf üá∫üá∏üá®üá¶üáÆüáπüáÆüá±,False,False,en,['1865449091125346689'],,,0.0,0.0,0.0,0.0,0.0,9.0,-0.9366,negative,1.0,1.0,1.0,1.0,0.0
30345,1888750170717687977,2025-02-10 00:41:46+00:00,@SenWhitehouse GROW UP KID You may want to stop crying so much loser Americans approve of trump by huge amount Trump's rising popularity since Election Day 2024 is particularly notable. He has gained roughly 8 percentage points of net favorability in the average poll since Nov5.,grow kid want stop crying loser americans approve trump huge trumps rising popularity election day 2024 particularly notable gained roughly 8 percentage points net favorability average poll nov5,46.0,[],"[{'start': 0, 'end': 14, 'username': 'SenWhitehouse', 'id': '242555999'}]",1.746915273649619e+18,T Bailey,False,False,en,['1888750170717687977'],,,0.0,0.0,0.0,0.0,0.0,7.0,-0.1725,negative,1.0,1.0,0.0,1.0,0.0
378,1847058049648971941,2024-10-17 23:32:10+00:00,"@newstart_2024 Election Song: Kick Socialism‚Äôs Ass!
https://t.co/S3RY5D890G",_2024 election song kick socialisms ass,7.0,[],"[{'start': 0, 'end': 14, 'username': 'newstart_2024', 'id': '1109532876310302721'}]",718908444.0,Walter Horsting,False,False,en,['1847058049648971941'],"Sacramento, CA",California,0.0,0.0,0.0,0.0,0.0,2.0,-0.5423,negative,0.0,0.0,0.0,0.0,0.0
6491,1854252726852473150,2024-11-06 20:01:15+00:00,"Donald Trump has been officially declared the 47th President of the United States. 

https://t.co/yvKSjLEAHY",donald trump officially declared 47th president united states,14.0,[],,17629328.0,Review of Journalism,False,False,en,['1854252726852473150'],"Toronto, Canada",,0.0,0.0,1.0,0.0,0.0,3.0,0.4215,positive,1.0,1.0,0.0,0.0,0.0
56626,1872202226426331500,2024-12-26 08:46:09+00:00,The Role of Social Media in Fueling Political Violence: Indonesian Presidential Election - https://t.co/2edfEfaNLj Role of Social Media in Fueling Political Violence: Indo... https://t.co/kZCBwbiXfo,role social media fueling political violence indonesian presidential election role social media fueling political violence indo,24.0,[],,1467482107.0,Modern Diplomacy,False,False,en,['1872202226426331500'],Bulgaria,,0.0,0.0,1.0,0.0,0.0,58.0,-0.8481,negative,0.0,0.0,0.0,0.0,0.0
37920,1899327002462523673,2025-03-11 05:10:19+00:00,"MUSK AND TRUMP RIGGED THE 2024 ELECTION. 
A CONFESSION BY TRUMP IN THE OVAL
‚ÄúI WOULD NOT HAVE WON BUT ELON KNOWS COMPUTERS 
AND RIGGED THE ELECTION‚Äù YOUR WORDS.
THIS IS A SLOW COUP HAPPENING 
THEY COMMITTED TREASON 
IMMEDIATE REMOVAL THEN PRISON.NOTMYPRESIDNT https://t.co/0r96uRhbq7",musk trump rigged 2024 election confession trump oval won elon knows computers rigged election words slow coup happening committed treason immediate removal prisonnotmypresidnt,43.0,[],,9.994011361959444e+17,Marsha,False,False,en,['1899327002462523673'],United States,,0.0,0.0,1.0,0.0,0.0,45.0,-0.8019,negative,1.0,1.0,1.0,0.0,0.0
2114,1848605235507277870,2024-10-22 06:00:08+00:00,Can I leave work to vote in Wisconsin? What workers should know about their rights https://t.co/40OiyiOFCU,leave work vote wisconsin workers know rights,16.0,[],,16544024.0,Journal Sentinel,False,False,en,['1848605235507277870'],"Milwaukee, WI",Wisconsin,0.0,0.0,0.0,0.0,0.0,11.0,-0.0516,negative,0.0,0.0,0.0,0.0,0.0
73377,1902703585898459508,2025-03-20T12:47:40.000Z,"April 1st special election day for control of House , Florida, NY ,a vote for any Maga congress is vote for trumps hair on fire ECON , there in lockstep with king trumps tyrannical agenda , i have no faith in voters after 2024 , trump will crash AMER. ECON .also world",april 1st special election day control house florida ny vote maga congress vote trumps hair econ lockstep king trumps tyrannical agenda faith voters 2024 trump crash amer econ world,52.0,[],,1.8013826369018716e+18,Kenneth Charles Metzger,False,False,en,['1902703585898459508'],in NJ ,New Jersey,0.0,0.0,1.0,0.0,0.0,11.0,-0.5764,negative,1.0,1.0,0.0,0.0,0.0
41322,1852697420225774027,2024-11-02 13:01:01+00:00,"Voters in Live Oak School District will consider whether to approve $45 million in bonds with Measure N in the Nov. 5, 2024 election.

How are you voting? Or visit our election guide for more voter info on #MeasureN üëá 
https://t.co/SytuCMFnTQ https://t.co/UmN8mgCvuV",voters live oak school district consider approve 45 million bonds measure n nov 5 2024 election voting visit election guide voter info measuren,42.0,['#measuren'],,1.0828217585650196e+18,SantaCruzLocal,False,False,en,['1852697420225774027'],"Santa Cruz, CA",California,0.0,0.0,0.0,0.0,0.0,1.0,0.0,neutral,0.0,0.0,0.0,0.0,0.0
69916,1894770674734096640,2025-02-26 15:25:06+00:00,"When we were SCREAMING the 2024 election was about a dictatorship or democracy people ignored it. 
WE TOLD YOU SO!
Now we STILL have to fight back for a democracy. Quitting is not an option. https://t.co/uPZUmXmkZ3 https://t.co/FtcU5W8WI6",screaming 2024 election dictatorship democracy people ignored told fight democracy quitting option,37.0,[],,3399492909.0,Michael Brown,False,False,en,['1894770674734096640'],,,0.0,0.0,0.0,0.0,0.0,4.0,-0.7579,negative,0.0,0.0,0.0,0.0,0.0
2623,1849616932049137768,2024-10-25 01:00:15+00:00,The 2024 Presidential Election be like: https://t.co/lOz9nSVUpS,2024 presidential election like,7.0,[],,9.965532502194463e+17,üáµüá∏Thor Hansonüáµüá∏,False,False,en,['1849616932049137768'],"Hell, Michigan",Michigan,0.0,0.0,0.0,0.0,0.0,6.0,0.3612,positive,0.0,0.0,0.0,0.0,1.0
21995,1877063543083696384,2025-01-08 18:43:17+00:00,"Post Dobbs - and more recently after the 2024 presidential election - abortion pill suppliers have reported major increases in people ordering abortion pills to have on hand, just in case they need them in the future

We wanted to know why ‚¨áÔ∏è
https://t.co/DUsxmbWdkH

üßµ",post dobbs recently 2024 presidential election abortion pill suppliers reported major increases people ordering abortion pills hand just case need future wanted know,45.0,[],,936077988.0,"Dana M. Johnson, PhD",False,False,en,['1877063543083696384'],Deep Eddy Pool,,0.0,1.0,0.0,0.0,0.0,15.0,0.4939,positive,0.0,0.0,0.0,0.0,0.0
65900,1887593906570993740,2025-02-06 20:07:11+00:00,"Huge thanks¬†to Andrew Sanders from @dmuleicester for his wonderful lecture on the 2024 US election. As both a UK academic &amp; a US TV election pundit, he was able to give us a unique insight. Y13 Politics students will be able to use his expert analysis in their upcoming exams. https://t.co/Tr8xxB0q0B",huge thanks andrew sanders wonderful lecture 2024 election uk academic amp tv election pundit able unique insight y13 politics students able use expert analysis upcoming exams,52.0,[],"[{'start': 35, 'end': 48, 'username': 'dmuleicester', 'id': '75247404'}]",1.2974482154035405e+18,The Sixth Form at NSG,False,False,en,['1887593906570993740'],"Northampton, England",,0.0,0.0,0.0,0.0,0.0,34.0,0.836,positive,0.0,0.0,0.0,0.0,0.0
50851,1864021897060757534,2024-12-03 19:00:26+00:00,"The narrative that a higher Democrat voter turnout would have enabled Vice President Kamala Harris to defeat President-elect Donald Trump in the November election is wrong, The New York Times reported. 
MORE: https://t.co/Wamnat8lSf https://t.co/XuUTC6smTV",narrative higher democrat voter turnout enabled vice president kamala harris defeat presidentelect donald trump november election wrong new york times reported,34.0,[],,20545835.0,NEWSMAX,True,False,en,['1864021897060757534'],United States,,0.0,0.0,5.0,0.0,0.0,321.0,-0.7269,negative,0.0,0.0,0.0,0.0,0.0
